algorithm,architecture,pop_size,generations,init_method,crossover,mutation,best_train_fitness,initial_best_fitness,final_best_fitness,test_weighted_f1,test_macro_f1,test_balanced_accuracy,test_confusion_matrix,solution_dimensions,runtime_seconds
GA,"(10,)",5,2,uniform,arithmetic_crossover,uniform_continuous_mutation,0.7567335796559045,0.7567195450463934,0.7567335796559045,0.765113566184039,0.686886708296164,0.6810344827586207,"[[5, 5], [4, 25]]",241,0.22491580003406852
GA,"(10,)",5,2,uniform,arithmetic_crossover,gaussian_mutation,0.725534188034188,0.725534188034188,0.725534188034188,0.6821326821326822,0.546031746031746,0.5482758620689655,"[[2, 8], [3, 26]]",241,0.3024301999830641
GA,"(10,)",5,2,normal,arithmetic_crossover,uniform_continuous_mutation,0.7141608391608392,0.6628667282872891,0.7141608391608392,0.781854043392505,0.676923076923077,0.65,"[[3, 7], [0, 29]]",241,0.2296212000073865
GA,"(10,)",5,2,uniform,simulated_binary_crossover,uniform_continuous_mutation,0.694366174430975,0.694366174430975,0.694366174430975,0.6342383107088989,0.4264705882352941,0.5,"[[0, 10], [0, 29]]",241,0.23695480002788827
GA,"(10,)",5,2,normal,simulated_binary_crossover,gaussian_mutation,0.652001522969265,0.652001522969265,0.652001522969265,0.661510590858417,0.6290760869565217,0.7258620689655173,"[[9, 1], [13, 16]]",241,0.23118579998845235
GA,"(10,)",5,2,normal,simulated_binary_crossover,uniform_continuous_mutation,0.651506644207374,0.651506644207374,0.651506644207374,0.6342383107088989,0.4264705882352941,0.5,"[[0, 10], [0, 29]]",241,0.21523610001895577
GA,"(10,)",5,2,normal,arithmetic_crossover,gaussian_mutation,0.6236343366778149,0.6236343366778149,0.6236343366778149,0.6386146454780635,0.5984900480439259,0.6758620689655173,"[[8, 2], [13, 16]]",241,0.22210370004177094
GA,"(10,)",5,2,uniform,simulated_binary_crossover,gaussian_mutation,0.6051282051282052,0.6051282051282052,0.6051282051282052,0.5809294871794872,0.390625,0.43103448275862066,"[[0, 10], [4, 25]]",241,0.21834399999352172
